No.,Nom du champ,Question,Description,Type du champ
1,region_nom_bdd,,xsd:string,string
2,prefecture_nom_bdd,,xsd:string,string
3,commune_nom_bdd,,xsd:string,string
4,canton_nom_bdd,,xsd:string,string
5,id,,xsd:int,int
6,canton_id_bdd,ID du canton,xsd:string,string
7,nom_localite,,xsd:string,string
8,etab_id_collecte,ID textuel de l'établissement,xsd:string,string
9,etab_nom,,xsd:string,string
10,etab_adresse,,xsd:string,string
11,etab_jour,,xsd:string,string
12,etab_heure,,xsd:string,string
13,etab_creation_date,,xsd:string,string
14,etab_prog,,xsd:string,string
15,etab_prog_nom,,xsd:string,string
16,org_prog_acteur,,xsd:string,string
17,interlocuteur_presence,,xsd:string,string
18,interlocuteur_responsable,,xsd:string,string
19,interlocuteur_fonction,,xsd:string,string
20,interlocuteur_nom_prenom,,xsd:string,string
21,interlocuteur_genre,,xsd:string,string
22,interlocuteur_tel,,xsd:string,string
23,responsable_nom_prenom,,xsd:string,string
24,responsable_genre,,xsd:string,string
25,responsable_fonction,,xsd:string,string
26,responsable_tel,,xsd:string,string
27,responsable_mail,,xsd:string,string
28,responsable_annee,,xsd:string,string
29,etab_complex,,xsd:string,string
30,etab_complex_spec,,xsd:string,string
31,etab_complex_spec_autre,,xsd:string,string
32,etab_groupe,,xsd:string,string
33,etab_groupe_spec,,xsd:string,string
34,etab_groupe_spec_autre,,xsd:string,string
35,responsable_varie,,xsd:string,string
36,terrain,,xsd:string,string
37,terrain_autre,,xsd:string,string
38,terrain_prive,,xsd:string,string
39,terrain_conflit,,xsd:string,string
40,activite_statut,,xsd:string,string
41,activite_statut_autre,,xsd:string,string
42,etablissement_categorie,,xsd:string,string
43,etablissement_categorie_autre,,xsd:string,string
44,etablissement_categorie_detail,,xsd:string,string
45,etablissement_domaines,,xsd:string,string
46,formation_nombre,,xsd:int,int
47,formation_duree,,xsd:string,string
48,diplome,,xsd:string,string
49,diplome_reconnu,,xsd:string,string
50,formation_prix,,xsd:string,string
51,objects,,xsd:string,string
52,classe_nbr,,xsd:string,string
53,jumelage,,xsd:string,string
54,jumelage_spec,,xsd:string,string
55,etablissement_langue,,xsd:string,string
56,langue_locale,,xsd:string,string
57,langue_locale_spec,,xsd:string,string
58,langue_locale_spec_autre,,xsd:string,string
59,org_nom,,xsd:string,string
60,ordre,,xsd:string,string
61,ordre_autre,,xsd:string,string
62,org_reconnu,,xsd:string,string
63,secteur_prive_agrement,,xsd:string,string
64,org_ministere_tutelle,,xsd:string,string
65,org_numero_prive,,xsd:string,string
66,org_fodes,,xsd:string,string
67,org_fodes_num,,xsd:string,string
68,org_numero_autre,,xsd:string,string
69,org_type2,,xsd:string,string
70,org_type2_autre,,xsd:string,string
71,org_type2_international,,xsd:string,string
72,org_qg,,xsd:string,string
73,org_religion,,xsd:string,string
74,org_religion_type,,xsd:string,string
75,org_religion_autre,,xsd:string,string
76,org_religion_tutelle,,xsd:string,string
77,finance_sub,,xsd:string,string
78,finance_sub_detail,,xsd:string,string
79,finance_sub_type,,xsd:string,string
80,finance_sub_montant,,xsd:string,string
81,finance_sub_source,,xsd:string,string
82,finance_sub_frequence,,xsd:string,string
83,finance_sub_nom,,xsd:string,string
84,finance_sub_annee,,xsd:string,string
85,finance_ext,,xsd:string,string
86,finance_ext_detail,,xsd:string,string
87,finance_ext_type,,xsd:string,string
88,finance_ext_montant,,xsd:string,string
89,finance_ext_source,,xsd:string,string
90,finance_ext_frequence,,xsd:string,string
91,finance_ext_nom,,xsd:string,string
92,finance_ext_annee,,xsd:string,string
93,personnel_nbr,,xsd:int,int
94,personnel_femme_nbr,,xsd:int,int
95,personnel_homme_nbr,,xsd:int,int
96,enseignants_total,,xsd:int,int
97,enseignants_femmes,,xsd:int,int
98,enseignants_hommes,,xsd:int,int
99,non_prof_nbr,,xsd:int,int
100,non_prof_femme,,xsd:int,int
101,non_prof_homme,,xsd:int,int
102,etablissement_enseignant_ape_nbr,,xsd:int,int
103,etablissement_enseignant_vne_nbr,,xsd:int,int
104,etablissement_enseignant_fct_nbr,,xsd:int,int
105,etablissement_enseignant_fct_hommenbr,,xsd:int,int
106,etablissement_enseignant_fct_femmenbr,,xsd:int,int
107,etablissement_enseignant_non_fct_nbr,,xsd:int,int
108,etablissement_enseignant_annee_passee,,xsd:string,string
109,etablissement_enseignant_annee_cours,,xsd:string,string
110,personnel_logement,,xsd:string,string
111,personnel_logement_nbr,,xsd:int,int
112,personnel_logement_bat_nbr,,xsd:int,int
113,personnel_logement_uti,,xsd:string,string
114,personnel_transport,,xsd:string,string
115,personnel_transport_type,,xsd:string,string
116,personnel_transport_service,,xsd:string,string
117,personnel_transport_org,,xsd:string,string
118,personnel_transport_subv,,xsd:string,string
119,eleve_nbr,,xsd:int,int
120,fille_nbr,,xsd:int,int
121,garcon_nbr,,xsd:int,int
122,eleve_age,,xsd:string,string
123,eleves_liste_annee_passee,,xsd:string,string
124,eleves_liste_annee_cours,,xsd:string,string
125,resultats,,xsd:string,string
126,double_flux,,xsd:string,string
127,eau_acces,Y a-t-il accès à l'eau ?,xsd:string,string
128,eau_source,"Si oui, quelle source ?",xsd:string,string
129,eau_source_autre,Autre type de source d'eau,xsd:string,string
130,eau_pression,"Si oui, quelle pression ?",xsd:string,string
131,eau_debit,,xsd:string,string
132,eau_qualite,"Si oui, qualité de l'eau ?",xsd:string,string
133,eau_acces_temps,"Si oui, temps d'accès à l'eau ?",xsd:string,string
134,lavage,,xsd:string,string
135,lavage_type,,xsd:string,string
136,lavage_type_autre,,xsd:string,string
137,elec_acces,Y a-t-il accès à l'électricité ?,xsd:string,string
138,elec_source,"Si oui, quelle source d'électricité ?",xsd:string,string
139,elec_source_autre,Autre source d'électricité,xsd:string,string
140,elec_qualite,"Si oui, qualité d'accès ?",xsd:string,string
141,elec_acces_temps,"Si oui, temps d'accès à l'électricité",xsd:string,string
142,internet,,xsd:string,string
143,internet_type,,xsd:string,string
144,internet_type_autre,,xsd:string,string
145,internet_fournisseur,,xsd:string,string
146,internet_fournisseur_autre,,xsd:string,string
147,couverture,,xsd:string,string
148,couverture_type,,xsd:string,string
149,couverture_type_autre,,xsd:string,string
150,couverture_nom,,xsd:string,string
151,couverture_nom_autre,,xsd:string,string
152,ordinateur_portable_nbr,,xsd:int,int
153,ordinateur_portable_fonctionnel_nbr,,xsd:int,int
154,ordinateur_poste_nbr,,xsd:int,int
155,ordinateur_poste_fonctionnel_nbr,,xsd:int,int
156,equipement_specifique,,xsd:string,string
157,toilette,,xsd:string,string
158,toilette_separation,,xsd:string,string
159,toilette_raccordage,,xsd:string,string
160,toilette_raccordage_autre,,xsd:string,string
161,toilette_raccordage_non_autre,,xsd:string,string
162,toilette_fosse,,xsd:string,string
163,toilette_type,,xsd:string,string
164,toilette_type_autre,,xsd:string,string
165,wc_nbr,,xsd:int,int
166,wc_fonc_nbr,,xsd:int,int
167,latrine_nbr,,xsd:int,int
168,latrine_fonc_nbr,,xsd:int,int
169,latrine_seche_nbr,,xsd:int,int
170,latrine_seche_fonc_nbr,,xsd:int,int
171,pissotiere_nbr,,xsd:int,int
172,pissotiere_fonc_nbr,,xsd:int,int
173,douche_nbr,,xsd:int,int
174,douche_fonc_nbr,,xsd:int,int
175,lampadaire,,xsd:string,string
176,lampadaire_nbr,,xsd:int,int
177,lampadaire_solaire_nbr,,xsd:int,int
178,lampadaire_reseau_nbr,,xsd:int,int
179,lampadaire_artisanal_nbr,,xsd:int,int
180,fontaine,,xsd:string,string
181,fontaine_nbr,,xsd:string,string
182,poubelle,,xsd:string,string
183,poubelle_nbr,,xsd:string,string
184,rampe_handicape,,xsd:string,string
185,materiel_incendie,,xsd:string,string
186,materiel_incendie_nbr,,xsd:int,int
187,materiel_incendie_type,,xsd:string,string
188,autre_nbr,,xsd:string,string
189,extincteur_nrb,,xsd:int,int
190,bac_sable_nbr,,xsd:int,int
191,batiment_nbr,,xsd:int,int
192,etab_proprio,,xsd:string,string
193,institution,,xsd:string,string
194,institution_spec,,xsd:string,string
195,institution_spec_autre,,xsd:string,string
196,biblio,,xsd:string,string
197,salle_info,,xsd:string,string
198,piscine,,xsd:string,string
199,terrain_sport,,xsd:string,string
200,gymnase,,xsd:string,string
201,infirmerie,,xsd:string,string
202,cantine,,xsd:string,string
203,vehicule_quatre_nbr,,xsd:int,int
204,vehicule_trois_nbr,,xsd:int,int
205,vehicule_deux_nbr,,xsd:int,int
206,cloture,,xsd:string,string
207,cloture_type,,xsd:string,string
208,cloture_type_autre,,xsd:string,string
209,cloture_materiau,,xsd:string,string
210,cloture_materiau_autre,,xsd:string,string
211,pb,,xsd:string,string
212,solution_potentielle,,xsd:string,string
213,commentaire,,xsd:string,string
214,date_collecte,Date de la collecte,xsd:date-time,date-time
215,date_mise_a_jour_collecte,Date de la mise à jour,xsd:date-time,date-time
216,geometry,Géométrie,gml:Point,Point
