"indicateur","libellés","Unit","Date","Value"
"Budget de l’enseignement supérieur et budget national votés et exécutés","BUDGET DE L'ENSEIGNEMENT SUPÉRIEUR VOTÉ","Nombre","2013","22112.1"
"Budget de l’enseignement supérieur et budget national votés et exécutés","BUDGET DE L'ENSEIGNEMENT SUPÉRIEUR VOTÉ","Nombre","2014","23856"
"Budget de l’enseignement supérieur et budget national votés et exécutés","BUDGET DE L'ENSEIGNEMENT SUPÉRIEUR VOTÉ","Nombre","2015","22406.2"
"Budget de l’enseignement supérieur et budget national votés et exécutés","BUDGET DE L'ENSEIGNEMENT SUPÉRIEUR VOTÉ","Nombre","2016","22649.5"
"Budget de l’enseignement supérieur et budget national votés et exécutés","BUDGET DE L'ENSEIGNEMENT SUPÉRIEUR VOTÉ","Nombre","2017","25967.2"
"Budget de l’enseignement supérieur et budget national votés et exécutés","BUDGET DE L'ENSEIGNEMENT SUPÉRIEUR VOTÉ","Nombre","2018","38134.6"
"Budget de l’enseignement supérieur et budget national votés et exécutés","BUDGET DE L'ENSEIGNEMENT SUPÉRIEUR EXÉCUTÉ","Nombre","2013","20388.5"
"Budget de l’enseignement supérieur et budget national votés et exécutés","BUDGET DE L'ENSEIGNEMENT SUPÉRIEUR EXÉCUTÉ","Nombre","2014","22421.1"
"Budget de l’enseignement supérieur et budget national votés et exécutés","BUDGET DE L'ENSEIGNEMENT SUPÉRIEUR EXÉCUTÉ","Nombre","2015","20686.8"
"Budget de l’enseignement supérieur et budget national votés et exécutés","BUDGET DE L'ENSEIGNEMENT SUPÉRIEUR EXÉCUTÉ","Nombre","2016","22418.6"
"Budget de l’enseignement supérieur et budget national votés et exécutés","BUDGET DE L'ENSEIGNEMENT SUPÉRIEUR EXÉCUTÉ","Nombre","2017","24875.2"
"Budget de l’enseignement supérieur et budget national votés et exécutés","BUDGET DE L'ENSEIGNEMENT SUPÉRIEUR EXÉCUTÉ","Nombre","2018","32171.9"
"Budget de l’enseignement supérieur et budget national votés et exécutés","SUBVENTION DE L'ETAT ALLOUÉE AUX ÉTABLISSEMENTS PRIVÉS D'ENSEIGNEMENT SUPÉRIEUR","Nombre","2013","0"
"Budget de l’enseignement supérieur et budget national votés et exécutés","SUBVENTION DE L'ETAT ALLOUÉE AUX ÉTABLISSEMENTS PRIVÉS D'ENSEIGNEMENT SUPÉRIEUR","Nombre","2014","0"
"Budget de l’enseignement supérieur et budget national votés et exécutés","SUBVENTION DE L'ETAT ALLOUÉE AUX ÉTABLISSEMENTS PRIVÉS D'ENSEIGNEMENT SUPÉRIEUR","Nombre","2015","0"
"Budget de l’enseignement supérieur et budget national votés et exécutés","SUBVENTION DE L'ETAT ALLOUÉE AUX ÉTABLISSEMENTS PRIVÉS D'ENSEIGNEMENT SUPÉRIEUR","Nombre","2016","0"
"Budget de l’enseignement supérieur et budget national votés et exécutés","SUBVENTION DE L'ETAT ALLOUÉE AUX ÉTABLISSEMENTS PRIVÉS D'ENSEIGNEMENT SUPÉRIEUR","Nombre","2017","0"
"Budget de l’enseignement supérieur et budget national votés et exécutés","SUBVENTION DE L'ETAT ALLOUÉE AUX ÉTABLISSEMENTS PRIVÉS D'ENSEIGNEMENT SUPÉRIEUR","Nombre","2018","0"
"Budget de l’enseignement supérieur et budget national votés et exécutés","BUDGET DU SECTEUR DE L'ÉDUCATION VOTÉ","Nombre","2013","108293.3"
"Budget de l’enseignement supérieur et budget national votés et exécutés","BUDGET DU SECTEUR DE L'ÉDUCATION VOTÉ","Nombre","2014","122025.6"
"Budget de l’enseignement supérieur et budget national votés et exécutés","BUDGET DU SECTEUR DE L'ÉDUCATION VOTÉ","Nombre","2015","120641.3"
"Budget de l’enseignement supérieur et budget national votés et exécutés","BUDGET DU SECTEUR DE L'ÉDUCATION VOTÉ","Nombre","2016","129430.9"
"Budget de l’enseignement supérieur et budget national votés et exécutés","BUDGET DU SECTEUR DE L'ÉDUCATION VOTÉ","Nombre","2017","140132.7"
"Budget de l’enseignement supérieur et budget national votés et exécutés","BUDGET DU SECTEUR DE L'ÉDUCATION VOTÉ","Nombre","2018","161172.7"
"Budget de l’enseignement supérieur et budget national votés et exécutés","BUDGET DU SECTEUR DE L'ÉDUCATION EXÉCUTÉ","Nombre","2013","93846.5"
"Budget de l’enseignement supérieur et budget national votés et exécutés","BUDGET DU SECTEUR DE L'ÉDUCATION EXÉCUTÉ","Nombre","2014","107132.9"
"Budget de l’enseignement supérieur et budget national votés et exécutés","BUDGET DU SECTEUR DE L'ÉDUCATION EXÉCUTÉ","Nombre","2015","125084.1"
"Budget de l’enseignement supérieur et budget national votés et exécutés","BUDGET DU SECTEUR DE L'ÉDUCATION EXÉCUTÉ","Nombre","2016","130691.2"
"Budget de l’enseignement supérieur et budget national votés et exécutés","BUDGET DU SECTEUR DE L'ÉDUCATION EXÉCUTÉ","Nombre","2017","135373.9"
"Budget de l’enseignement supérieur et budget national votés et exécutés","BUDGET DU SECTEUR DE L'ÉDUCATION EXÉCUTÉ","Nombre","2018","145373.5"
"Budget de l’enseignement supérieur et budget national votés et exécutés","BUDGET NATIONAL VOTÉ","Nombre","2013","694023.3"
"Budget de l’enseignement supérieur et budget national votés et exécutés","BUDGET NATIONAL VOTÉ","Nombre","2014","830368.7"
"Budget de l’enseignement supérieur et budget national votés et exécutés","BUDGET NATIONAL VOTÉ","Nombre","2015","813437.9"
"Budget de l’enseignement supérieur et budget national votés et exécutés","BUDGET NATIONAL VOTÉ","Nombre","2016","685279.6"
"Budget de l’enseignement supérieur et budget national votés et exécutés","BUDGET NATIONAL VOTÉ","Nombre","2017","819532.6"
"Budget de l’enseignement supérieur et budget national votés et exécutés","BUDGET NATIONAL VOTÉ","Nombre","2018","849580.8"
"Budget de l’enseignement supérieur et budget national votés et exécutés","BUDGET NATIONAL EXÉCUTÉ","Nombre","2013","505410.2"
"Budget de l’enseignement supérieur et budget national votés et exécutés","BUDGET NATIONAL EXÉCUTÉ","Nombre","2014","562154.2"
"Budget de l’enseignement supérieur et budget national votés et exécutés","BUDGET NATIONAL EXÉCUTÉ","Nombre","2015","694463"
"Budget de l’enseignement supérieur et budget national votés et exécutés","BUDGET NATIONAL EXÉCUTÉ","Nombre","2016","624517.9"
"Budget de l’enseignement supérieur et budget national votés et exécutés","BUDGET NATIONAL EXÉCUTÉ","Nombre","2017","592263.6"
"Budget de l’enseignement supérieur et budget national votés et exécutés","BUDGET NATIONAL EXÉCUTÉ","Nombre","2018","585375"
"Budget de l’enseignement supérieur et budget national votés et exécutés","PRODUIT INTÉRIEUR BRUT (PIB)","Nombre","2013","2016142"
"Budget de l’enseignement supérieur et budget national votés et exécutés","PRODUIT INTÉRIEUR BRUT (PIB)","Nombre","2016","2552531"
